Sample Time (seconds),Digital ADC Buffer,ADC Input Voltage (volts)
0.10915422439575195,750,2.4169921875
1.22434663772583,750,2.4169921875
2.3396434783935547,750,2.4169921875
3.454777240753174,750,2.4169921875
4.569852590560913,750,2.4169921875
5.685028314590454,750,2.4169921875
6.800175905227661,750,2.4169921875
7.915238618850708,750,2.4169921875
9.030255556106567,750,2.4169921875
10.14537501335144,750,2.4169921875
