Sample Time (seconds),Digital ADC Buffer,ADC Input Voltage (volts)
0.10280084609985352,0,0
1.220655918121338,0,0
2.3388679027557373,0,0
3.456974983215332,0,0
4.575154781341553,0,0
5.693356037139893,0,0
6.8114800453186035,0,0
7.929624080657959,0,0
9.047794818878174,0,0
10.165977716445923,0,0
